﻿{"cameraMode":{"drawMode":0,"name":"Shaded","section":"Shading Mode"},"sceneLighting":true,"audioPlay":false,"sceneViewState":{"showFog":true,"showMaterialUpdate":false,"showSkybox":true,"showFlares":true,"showImageEffects":true,"showParticleSystems":true},"in2DMode":false,"pivot":{"x":-8.420000076293946,"y":-0.20600000023841859,"z":0.0},"rotation":{"x":0.30582931637763979,"y":0.0018997933948412538,"z":-0.0006104393396526575,"w":0.9520868062973023},"size":17.620084762573243,"orthographic":false}