﻿{"cameraMode":{"drawMode":0,"name":"Shaded","section":"Shading Mode"},"sceneLighting":true,"audioPlay":false,"sceneViewState":{"showFog":true,"showMaterialUpdate":false,"showSkybox":true,"showFlares":true,"showImageEffects":true,"showParticleSystems":true},"in2DMode":false,"pivot":{"x":458.2782287597656,"y":-3.13702392578125,"z":-0.098541259765625},"rotation":{"x":0.4352179765701294,"y":-0.010807288810610772,"z":0.0052261692471802238,"w":0.900259256362915},"size":140.05999755859376,"orthographic":false}