﻿{"cameraMode":{"drawMode":0,"name":"Shaded","section":"Shading Mode"},"sceneLighting":true,"audioPlay":false,"sceneViewState":{"showFog":true,"showMaterialUpdate":false,"showSkybox":true,"showFlares":true,"showImageEffects":true,"showParticleSystems":true},"in2DMode":false,"pivot":{"x":-31.571611404418947,"y":-3.9165022373199465,"z":27.866260528564454},"rotation":{"x":-0.14080245792865754,"y":0.022865135222673417,"z":-0.00325262569822371,"w":-0.989768922328949},"size":275.29779052734377,"orthographic":false}