﻿{"cameraMode":{"drawMode":0,"name":"Shaded","section":"Shading Mode"},"sceneLighting":true,"audioPlay":false,"sceneViewState":{"showFog":true,"showMaterialUpdate":false,"showSkybox":true,"showFlares":true,"showImageEffects":true,"showParticleSystems":true},"in2DMode":false,"pivot":{"x":278.61572265625,"y":139.2196807861328,"z":-73.4636001586914},"rotation":{"x":-0.02880389429628849,"y":0.011092216707766056,"z":-0.0003196591278538108,"w":-0.9995253086090088},"size":764.1014404296875,"orthographic":true}